Type,Percentage
renewables,25.90932
gas,19.3574734
hydro,17.80479488
oil,17.14020969
coal,8.235687501
nuclear,5.40697359
wind,3.106334565
biofuel,1.705982991
solar,1.333223378
