Type,Percentage
biofuel,1.705982991
coal,8.235687501
gas,19.3574734
hydro,17.80479488
nuclear,5.40697359
oil,17.14020969
renewables,25.90932
solar,1.333223378
wind,3.106334565
